id;name;surname;email;phone;area;message;cv;cv_content_type
1;Skyway;reserved;Altnoba_Tulu2@yahoo.com;+90-589-849-8-;mobile Personal;Account Walk;../fake-data/blob/hipster.png;image/png
2;Handmade;Mississippi;Ard73@gmail.com;+90-188-934-25;open-source Banglade≈ü;Grass-roots Fantastic;../fake-data/blob/hipster.png;image/png
3;Wooden;Gloves Frozen;Bayurku_Kyba@gmail.com;+90-264-657-82;tangible Illinois copy;deliverables hierarchy;../fake-data/blob/hipster.png;image/png
4;Crescent;dynamic;Kayack.zdoan17@gmail.com;+90-455-886-77;payment disintermediate Wooden;Loan Forward;../fake-data/blob/hipster.png;image/png
5;reboot Forks eyeballs;tan Automated Account;alar.Nebiolu@yahoo.com;+90-803-406-0-;Personal EXE;AGP;../fake-data/blob/hipster.png;image/png
6;orchid Fantastic green;Soap system methodologies;Aalak.Demirba@hotmail.com;+90-948-618-73;Facilitator Health streamline;Berkshire;../fake-data/blob/hipster.png;image/png
7;Toys Pants;Somali Borders Checking;Besentegin_Beerler65@yahoo.com;+90-142-642-3-;North Tuna;reinvent orange e-markets;../fake-data/blob/hipster.png;image/png
8;Borders Account recontextualiz;SMTP;Bayanar.Kunt@yahoo.com;+90-892-123-8-;Producer;Concrete Codes indexing;../fake-data/blob/hipster.png;image/png
9;Soft compress Reverse-engineer;Mouse fuchsia Refined;Bilge33@gmail.com;+90-895-431-9-;Path;District Awesome;../fake-data/blob/hipster.png;image/png
10;haptic;mobile Fundamental;Buday_ymen@yahoo.com;+90-273-430-9-;Handmade wireless;programming Concrete Frozen;../fake-data/blob/hipster.png;image/png
